Method,Holdout_Acc,Holdout_F1,Holdout_MCC,SCANB_Acc,SCANB_F1,SCANB_MCC,SMC_Acc,SMC_F1,SMC_MCC
CUS (Stability),0.7883597883597884,0.770410622954226,0.6616517819582615,0.7476340694006309,0.7386850977652941,0.5938684435999021,0.6626506024096386,0.6289970120858656,0.602357861548016
SHAP (Consensus),0.8412698412698413,0.8388887535690603,0.7485991668409915,0.8170347003154574,0.8103781794177078,0.7072604561001227,0.7108433734939759,0.6914206275652058,0.6531273182916407
DGE (Welch t-test),0.8359788359788359,0.8361697953460396,0.7390993431940961,0.7854889589905363,0.7831603833675687,0.6572776246016124,0.7108433734939759,0.695809831738503,0.6468563377560127
Random Forest,0.8518518518518519,0.8517530155739869,0.7658410744182469,0.807570977917981,0.8002898320211366,0.6919237466822074,0.7108433734939759,0.6869503532471192,0.6569497842776845
LASSO L1,0.7777777777777778,0.773597314500208,0.6463365632438101,0.832807570977918,0.8259852094208998,0.7317972377134967,0.7530120481927711,0.7347364163638541,0.7067649326161113
