Method,Holdout_Acc,Holdout_F1,Holdout_MCC,SCANB_Acc,SCANB_F1,SCANB_MCC,SMC_Acc,SMC_F1,SMC_MCC
CUS (Stability),0.7777777777777778,0.7643186306780778,0.6418159393062833,0.3249211356466877,0.3107090139663776,0.2313059127953206,0.5120481927710844,0.4871782474892381,0.35891460161275596
SHAP (Consensus),0.8359788359788359,0.8327610439366607,0.7401403314373579,0.3470031545741325,0.24759063334220663,0.3086665190116025,0.45180722891566266,0.4162437165127539,0.3825957813099304
DGE (Welch t-test),0.8201058201058201,0.8170671853162647,0.7135362889712334,0.38170347003154576,0.26662140275323637,0.390066768109158,0.6626506024096386,0.5767930807596775,0.5738372542070169
Random Forest,0.8465608465608465,0.8433824255120997,0.755882672708877,0.2334384858044164,0.15295593391260875,0.20987658431597814,0.25903614457831325,0.1538817158963769,0.10337387805693361
LASSO L1,0.783068783068783,0.7759561626659388,0.6529698400612202,0.31545741324921134,0.21795191240881956,0.2934080212325931,0.3614457831325301,0.2855619622201981,0.339735865086977
