Cohort,Centroid_Acc,Centroid_F1,LR_Acc,LR_F1,SVM_Acc,SVM_F1
TCGA Holdout,0.8020304568527918,0.7900678977428196,0.8578680203045685,0.8182228196471423,0.8730964467005076,0.8226765151225968
SMC 2018,0.7916666666666666,0.6847942736910635,0.7771084337349398,0.6392581453634085,0.7710843373493976,0.7889216076722866
SCAN-B,0.6764705882352942,0.705875074366123,0.8107255520504731,0.6735965069413344,0.8485804416403786,0.8437836770649484
METABRIC,0.7232346241457859,0.7133127689628875,0.7524875621890548,0.5863293096207879,0.7437810945273632,0.7396868424185232
