Cohort,Centroid_Acc,Centroid_F1,LR_Acc,LR_F1,SVM_Acc,SVM_F1
TCGA Holdout,0.8571428571428571,0.8804308957625603,0.8888888888888888,0.8845445790804676,0.873015873015873,0.8515700483091788
SMC 2018,0.8493975903614458,0.848701108262229,0.8192771084337349,0.8320113029017139,0.7590361445783133,0.7784135490394338
SCAN-B,0.8706624605678234,0.859028494525732,0.8580441640378549,0.8617806788456562,0.861198738170347,0.8505590062111801
METABRIC,0.7686567164179104,0.7682411436983566,0.7201492537313433,0.7059227499971414,0.7269900497512438,0.7212111105547037
