,Before QN,After QN
Mean,5.182248115539551,5.182247638702393
Std,0.02530388906598091,4.76837158203125e-07
Min,5.127403736114502,5.182248115539551
Max,5.272060871124268,5.182248115539551
Variability Reduction (%),,99.99811553955078
