,Before QN,After QN
Mean,5.184840202331543,5.184840679168701
Std,0.02517867647111416,4.76837158203125e-07
Min,5.130298614501953,5.184840202331543
Max,5.273634910583496,5.184840202331543
Variability Reduction (%),,99.99810791015625
